IMAGE, DETECTOR, DESCRIPTOR, MATCHER, SELECTOR, #KEYPOINTS, #KEYPOINTS ON VEHICLE, #DESCRIPTORS, #MATCHED KEYPOINTS, DETECTOR ELAPSED TIME, DESCRIPTOR ELAPSED TIME, MATCHER ELAPSED TIME
0, SHITOMASI, BRISK, MAT_BF, SEL_KNN, 1370, 125, 8000, 0, 24.4997, 1.71952, 0
1, SHITOMASI, BRISK, MAT_BF, SEL_KNN, 1301, 118, 7552, 95, 19.8715, 2.59605, 0.591832
2, SHITOMASI, BRISK, MAT_BF, SEL_KNN, 1361, 123, 7872, 88, 19.4682, 2.64224, 0.529777
3, SHITOMASI, BRISK, MAT_BF, SEL_KNN, 1358, 120, 7680, 80, 19.0849, 2.59996, 0.53935
4, SHITOMASI, BRISK, MAT_BF, SEL_KNN, 1333, 120, 7680, 90, 19.7287, 2.74374, 0.522601
5, SHITOMASI, BRISK, MAT_BF, SEL_KNN, 1284, 113, 7232, 82, 18.995, 2.78699, 0.515776
6, SHITOMASI, BRISK, MAT_BF, SEL_KNN, 1322, 114, 7296, 79, 18.4982, 2.64678, 0.561897
7, SHITOMASI, BRISK, MAT_BF, SEL_KNN, 1366, 123, 7872, 85, 18.9374, 3.32623, 0.511429
8, SHITOMASI, BRISK, MAT_BF, SEL_KNN, 1389, 111, 7104, 86, 18.9329, 3.01077, 0.518236
9, SHITOMASI, BRISK, MAT_BF, SEL_KNN, 1339, 112, 7168, 82, 19.5735, 2.52202, 0.477832
0, SHITOMASI, BRIEF, MAT_BF, SEL_KNN, 1370, 125, 4000, 0, 17.9347, 2.02499, 0
1, SHITOMASI, BRIEF, MAT_BF, SEL_KNN, 1301, 118, 3776, 115, 18.0212, 2.04024, 0.507551
2, SHITOMASI, BRIEF, MAT_BF, SEL_KNN, 1361, 123, 3936, 111, 17.6559, 2.04547, 0.461052
3, SHITOMASI, BRIEF, MAT_BF, SEL_KNN, 1358, 120, 3840, 104, 17.4885, 1.44031, 0.500415
4, SHITOMASI, BRIEF, MAT_BF, SEL_KNN, 1333, 120, 3840, 101, 17.9843, 1.46142, 0.47358
5, SHITOMASI, BRIEF, MAT_BF, SEL_KNN, 1284, 113, 3616, 102, 17.8096, 1.64153, 0.535622
6, SHITOMASI, BRIEF, MAT_BF, SEL_KNN, 1322, 114, 3648, 102, 17.5258, 1.67801, 0.440379
7, SHITOMASI, BRIEF, MAT_BF, SEL_KNN, 1366, 123, 3936, 100, 19.2585, 1.58371, 0.474739
8, SHITOMASI, BRIEF, MAT_BF, SEL_KNN, 1389, 111, 3552, 109, 19.5389, 1.42121, 0.541769
9, SHITOMASI, BRIEF, MAT_BF, SEL_KNN, 1339, 112, 3584, 100, 20.7855, 1.54557, 0.431233
0, SHITOMASI, ORB, MAT_BF, SEL_KNN, 1370, 125, 4000, 0, 19.8186, 1.32926, 0
1, SHITOMASI, ORB, MAT_BF, SEL_KNN, 1301, 118, 3776, 106, 22.3852, 0.976006, 0.531777
2, SHITOMASI, ORB, MAT_BF, SEL_KNN, 1361, 123, 3936, 102, 18.8432, 0.991773, 0.580537
3, SHITOMASI, ORB, MAT_BF, SEL_KNN, 1358, 120, 3840, 99, 20.6844, 1.18922, 0.560302
4, SHITOMASI, ORB, MAT_BF, SEL_KNN, 1333, 120, 3840, 102, 20.0283, 0.992984, 0.553792
5, SHITOMASI, ORB, MAT_BF, SEL_KNN, 1284, 113, 3616, 103, 20.6756, 0.989356, 0.526495
6, SHITOMASI, ORB, MAT_BF, SEL_KNN, 1322, 114, 3648, 97, 19.8628, 1.26811, 0.500115
7, SHITOMASI, ORB, MAT_BF, SEL_KNN, 1366, 123, 3936, 98, 20.3665, 1.05751, 0.528736
8, SHITOMASI, ORB, MAT_BF, SEL_KNN, 1389, 111, 3552, 104, 20.3943, 1.011, 0.522635
9, SHITOMASI, ORB, MAT_BF, SEL_KNN, 1339, 112, 3584, 97, 21.2581, 1.16982, 0.479158
0, SHITOMASI, FREAK, MAT_BF, SEL_KNN, 1370, 125, 8000, 0, 19.5108, 54.5525, 0
1, SHITOMASI, FREAK, MAT_BF, SEL_KNN, 1301, 118, 7552, 86, 19.2614, 50.0891, 0.523237
2, SHITOMASI, FREAK, MAT_BF, SEL_KNN, 1361, 123, 7872, 90, 13.42, 47.637, 0.563386
3, SHITOMASI, FREAK, MAT_BF, SEL_KNN, 1358, 120, 7680, 86, 12.6774, 51.3333, 0.603521
4, SHITOMASI, FREAK, MAT_BF, SEL_KNN, 1333, 120, 7680, 88, 12.5846, 47.7134, 0.525994
5, SHITOMASI, FREAK, MAT_BF, SEL_KNN, 1284, 113, 7232, 86, 12.3395, 50.1296, 0.518952
6, SHITOMASI, FREAK, MAT_BF, SEL_KNN, 1322, 114, 7296, 80, 14.4427, 50.7169, 0.518187
7, SHITOMASI, FREAK, MAT_BF, SEL_KNN, 1366, 123, 7872, 81, 14.1728, 52.9261, 0.492138
8, SHITOMASI, FREAK, MAT_BF, SEL_KNN, 1389, 111, 7104, 86, 12.8341, 49.14, 0.504259
9, SHITOMASI, FREAK, MAT_BF, SEL_KNN, 1339, 112, 7168, 85, 13.5025, 49.278, 0.455505
0, SHITOMASI, SIFT, MAT_BF, SEL_KNN, 1370, 125, 16000, 0, 15.6388, 23.4705, 0
1, SHITOMASI, SIFT, MAT_BF, SEL_KNN, 1301, 118, 15104, 112, 13.7856, 18.7417, 0.72597
2, SHITOMASI, SIFT, MAT_BF, SEL_KNN, 1361, 123, 15744, 109, 12.593, 19.2678, 0.70608
3, SHITOMASI, SIFT, MAT_BF, SEL_KNN, 1358, 120, 15360, 104, 12.2114, 20.4492, 0.73747
4, SHITOMASI, SIFT, MAT_BF, SEL_KNN, 1333, 120, 15360, 103, 19.0674, 20.7854, 0.68725
5, SHITOMASI, SIFT, MAT_BF, SEL_KNN, 1284, 113, 14464, 99, 12.044, 17.5162, 0.644532
6, SHITOMASI, SIFT, MAT_BF, SEL_KNN, 1322, 114, 14592, 101, 20.988, 19.3523, 1.12982
7, SHITOMASI, SIFT, MAT_BF, SEL_KNN, 1366, 123, 15744, 96, 11.8047, 18.0465, 0.852446
8, SHITOMASI, SIFT, MAT_BF, SEL_KNN, 1389, 111, 14208, 106, 13.8157, 17.2121, 0.629021
9, SHITOMASI, SIFT, MAT_BF, SEL_KNN, 1339, 112, 14336, 97, 19.3449, 19.6905, 0.636717
0, HARRIS, BRISK, MAT_BF, SEL_KNN, 115, 17, 1088, 0, 14.3046, 0.511794, 0
1, HARRIS, BRISK, MAT_BF, SEL_KNN, 98, 14, 896, 12, 13.3742, 0.468759, 0.095834
2, HARRIS, BRISK, MAT_BF, SEL_KNN, 113, 18, 1152, 10, 13.9593, 0.528032, 0.094695
3, HARRIS, BRISK, MAT_BF, SEL_KNN, 121, 21, 1344, 14, 13.4343, 0.570768, 0.092598
4, HARRIS, BRISK, MAT_BF, SEL_KNN, 160, 26, 1664, 15, 14.7048, 0.628636, 0.095058
5, HARRIS, BRISK, MAT_BF, SEL_KNN, 383, 43, 2752, 16, 32.6504, 0.80257, 0.123916
6, HARRIS, BRISK, MAT_BF, SEL_KNN, 85, 18, 1152, 16, 13.5428, 0.659555, 0.168907
7, HARRIS, BRISK, MAT_BF, SEL_KNN, 210, 31, 1984, 15, 15.8275, 0.663803, 0.108206
8, HARRIS, BRISK, MAT_BF, SEL_KNN, 171, 26, 1664, 23, 14.6416, 0.614102, 0.171914
9, HARRIS, BRISK, MAT_BF, SEL_KNN, 281, 34, 2176, 21, 21.0627, 0.710313, 0.138286
0, HARRIS, BRIEF, MAT_BF, SEL_KNN, 115, 17, 544, 0, 13.4962, 0.317456, 0
1, HARRIS, BRIEF, MAT_BF, SEL_KNN, 98, 14, 448, 14, 14.3583, 0.313596, 0.070065
2, HARRIS, BRIEF, MAT_BF, SEL_KNN, 113, 18, 576, 11, 15.8472, 0.356451, 0.080642
3, HARRIS, BRIEF, MAT_BF, SEL_KNN, 121, 21, 672, 15, 14.2773, 0.341778, 0.091833
4, HARRIS, BRIEF, MAT_BF, SEL_KNN, 160, 26, 832, 20, 13.439, 0.366988, 0.101268
5, HARRIS, BRIEF, MAT_BF, SEL_KNN, 383, 43, 1376, 24, 29.5833, 0.533046, 0.138294
6, HARRIS, BRIEF, MAT_BF, SEL_KNN, 85, 18, 576, 26, 12.5989, 0.319473, 0.115434
7, HARRIS, BRIEF, MAT_BF, SEL_KNN, 210, 31, 992, 16, 14.6287, 0.402517, 0.091346
8, HARRIS, BRIEF, MAT_BF, SEL_KNN, 171, 26, 832, 24, 14.8553, 0.411414, 0.114137
9, HARRIS, BRIEF, MAT_BF, SEL_KNN, 281, 34, 1088, 23, 20.6545, 0.426534, 0.112193
0, HARRIS, ORB, MAT_BF, SEL_KNN, 115, 17, 544, 0, 13.476, 1.27676, 0
1, HARRIS, ORB, MAT_BF, SEL_KNN, 98, 14, 448, 12, 12.8485, 0.837802, 0.087021
2, HARRIS, ORB, MAT_BF, SEL_KNN, 113, 18, 576, 12, 15.8145, 1.05541, 0.08679
3, HARRIS, ORB, MAT_BF, SEL_KNN, 121, 21, 672, 15, 16.2595, 0.839444, 0.102067
4, HARRIS, ORB, MAT_BF, SEL_KNN, 160, 26, 832, 18, 14.6643, 1.16905, 0.11209
5, HARRIS, ORB, MAT_BF, SEL_KNN, 383, 43, 1376, 24, 29.3829, 0.933217, 0.142483
6, HARRIS, ORB, MAT_BF, SEL_KNN, 85, 18, 576, 20, 13.9787, 1.45367, 0.141394
7, HARRIS, ORB, MAT_BF, SEL_KNN, 210, 31, 992, 15, 16.6737, 1.02681, 0.109977
8, HARRIS, ORB, MAT_BF, SEL_KNN, 171, 26, 832, 24, 13.6572, 0.828026, 0.12445
9, HARRIS, ORB, MAT_BF, SEL_KNN, 281, 34, 1088, 22, 20.5759, 0.884179, 0.11963
0, HARRIS, FREAK, MAT_BF, SEL_KNN, 115, 17, 1088, 0, 12.6294, 47.097, 0
1, HARRIS, FREAK, MAT_BF, SEL_KNN, 98, 14, 896, 13, 14.9741, 48.8645, 0.078326
2, HARRIS, FREAK, MAT_BF, SEL_KNN, 113, 18, 1152, 13, 13.7635, 49.3544, 0.076674
3, HARRIS, FREAK, MAT_BF, SEL_KNN, 121, 21, 1344, 15, 14.0134, 48.9504, 0.085651
4, HARRIS, FREAK, MAT_BF, SEL_KNN, 160, 26, 1664, 15, 13.9957, 48.0485, 0.097884
5, HARRIS, FREAK, MAT_BF, SEL_KNN, 383, 43, 2752, 17, 35.1332, 47.8776, 0.129672
6, HARRIS, FREAK, MAT_BF, SEL_KNN, 85, 18, 1152, 20, 14.5, 48.1997, 0.115688
7, HARRIS, FREAK, MAT_BF, SEL_KNN, 210, 31, 1984, 12, 17.0949, 47.437, 0.095769
8, HARRIS, FREAK, MAT_BF, SEL_KNN, 171, 26, 1664, 21, 14.8558, 50.8125, 0.119439
9, HARRIS, FREAK, MAT_BF, SEL_KNN, 281, 34, 2176, 18, 22.2056, 48.9662, 0.10891
0, HARRIS, SIFT, MAT_BF, SEL_KNN, 115, 17, 2176, 0, 15.4848, 16.0065, 0
1, HARRIS, SIFT, MAT_BF, SEL_KNN, 98, 14, 1792, 14, 13.8903, 16.4566, 0.060642
2, HARRIS, SIFT, MAT_BF, SEL_KNN, 113, 18, 2304, 11, 14.1299, 14.5207, 0.0601
3, HARRIS, SIFT, MAT_BF, SEL_KNN, 121, 21, 2688, 16, 18.8536, 17.2589, 0.075514
4, HARRIS, SIFT, MAT_BF, SEL_KNN, 160, 26, 3328, 19, 14.3112, 18.3004, 0.09011
5, HARRIS, SIFT, MAT_BF, SEL_KNN, 383, 43, 5504, 22, 31.1776, 18.1475, 0.128846
6, HARRIS, SIFT, MAT_BF, SEL_KNN, 85, 18, 2304, 22, 15.8274, 15.3309, 0.125074
7, HARRIS, SIFT, MAT_BF, SEL_KNN, 210, 31, 3968, 13, 21.174, 18.5345, 0.097596
8, HARRIS, SIFT, MAT_BF, SEL_KNN, 171, 26, 3328, 24, 15.1164, 15.0759, 0.114816
9, HARRIS, SIFT, MAT_BF, SEL_KNN, 281, 34, 4352, 22, 20.5083, 16.8746, 0.10938
0, FAST, BRISK, MAT_BF, SEL_KNN, 1824, 149, 9536, 0, 1.04627, 2.9392, 0
1, FAST, BRISK, MAT_BF, SEL_KNN, 1832, 152, 9728, 97, 1.31968, 2.77088, 0.743599
2, FAST, BRISK, MAT_BF, SEL_KNN, 1810, 150, 9600, 104, 1.38398, 1.92582, 0.753236
3, FAST, BRISK, MAT_BF, SEL_KNN, 1817, 155, 9920, 101, 1.31629, 2.04002, 0.79381
4, FAST, BRISK, MAT_BF, SEL_KNN, 1793, 149, 9536, 98, 1.33089, 2.74322, 0.747047
5, FAST, BRISK, MAT_BF, SEL_KNN, 1796, 149, 9536, 85, 1.2812, 1.95628, 0.742436
6, FAST, BRISK, MAT_BF, SEL_KNN, 1788, 156, 9984, 107, 1.30416, 2.01825, 0.784546
7, FAST, BRISK, MAT_BF, SEL_KNN, 1695, 150, 9600, 107, 1.28095, 1.94208, 0.76365
8, FAST, BRISK, MAT_BF, SEL_KNN, 1749, 138, 8832, 100, 1.31006, 1.76982, 0.696185
9, FAST, BRISK, MAT_BF, SEL_KNN, 1770, 143, 9152, 100, 1.33414, 1.88312, 0.659853
0, FAST, BRIEF, MAT_BF, SEL_KNN, 1824, 149, 4768, 0, 1.36985, 0.80825, 0
1, FAST, BRIEF, MAT_BF, SEL_KNN, 1832, 152, 4864, 119, 0.919482, 0.789406, 0.704987
2, FAST, BRIEF, MAT_BF, SEL_KNN, 1810, 150, 4800, 130, 1.36115, 1.29577, 0.705848
3, FAST, BRIEF, MAT_BF, SEL_KNN, 1817, 155, 4960, 118, 0.931742, 0.830684, 0.700517
4, FAST, BRIEF, MAT_BF, SEL_KNN, 1793, 149, 4768, 126, 0.902624, 0.780261, 0.696837
5, FAST, BRIEF, MAT_BF, SEL_KNN, 1796, 149, 4768, 108, 1.23734, 0.806458, 0.694209
6, FAST, BRIEF, MAT_BF, SEL_KNN, 1788, 156, 4992, 123, 0.893411, 0.79135, 0.724866
7, FAST, BRIEF, MAT_BF, SEL_KNN, 1695, 150, 4800, 131, 1.33006, 1.28238, 0.724109
8, FAST, BRIEF, MAT_BF, SEL_KNN, 1749, 138, 4416, 125, 0.88246, 0.721323, 0.628698
9, FAST, BRIEF, MAT_BF, SEL_KNN, 1770, 143, 4576, 119, 0.955788, 0.768545, 0.600421
0, FAST, ORB, MAT_BF, SEL_KNN, 1824, 149, 4768, 0, 1.10834, 1.70048, 0
1, FAST, ORB, MAT_BF, SEL_KNN, 1832, 152, 4864, 118, 0.933962, 1.09889, 0.762184
2, FAST, ORB, MAT_BF, SEL_KNN, 1810, 150, 4800, 123, 0.923797, 1.0194, 0.779019
3, FAST, ORB, MAT_BF, SEL_KNN, 1817, 155, 4960, 112, 0.885295, 1.03743, 0.776842
4, FAST, ORB, MAT_BF, SEL_KNN, 1793, 149, 4768, 126, 0.927139, 1.01941, 0.748135
5, FAST, ORB, MAT_BF, SEL_KNN, 1796, 149, 4768, 106, 0.950965, 1.61855, 0.711524
6, FAST, ORB, MAT_BF, SEL_KNN, 1788, 156, 4992, 122, 0.890818, 1.03676, 0.815369
7, FAST, ORB, MAT_BF, SEL_KNN, 1695, 150, 4800, 122, 0.892906, 1.04013, 0.763511
8, FAST, ORB, MAT_BF, SEL_KNN, 1749, 138, 4416, 123, 1.3696, 1.60501, 0.72486
9, FAST, ORB, MAT_BF, SEL_KNN, 1770, 143, 4576, 119, 1.01361, 1.07466, 0.674941
0, FAST, FREAK, MAT_BF, SEL_KNN, 1824, 149, 9536, 0, 0.915489, 52.7114, 0
1, FAST, FREAK, MAT_BF, SEL_KNN, 1832, 152, 9728, 98, 0.938052, 53.1829, 0.721462
2, FAST, FREAK, MAT_BF, SEL_KNN, 1810, 150, 9600, 99, 0.890189, 53.278, 0.80515
3, FAST, FREAK, MAT_BF, SEL_KNN, 1817, 155, 9920, 91, 0.891821, 51.5361, 0.75215
4, FAST, FREAK, MAT_BF, SEL_KNN, 1793, 149, 9536, 98, 0.899019, 50.7979, 0.736621
5, FAST, FREAK, MAT_BF, SEL_KNN, 1796, 149, 9536, 85, 0.960279, 49.0508, 0.780917
6, FAST, FREAK, MAT_BF, SEL_KNN, 1788, 156, 9984, 99, 0.885713, 58.6042, 0.81963
7, FAST, FREAK, MAT_BF, SEL_KNN, 1695, 150, 9600, 102, 1.12225, 52.3608, 0.873288
8, FAST, FREAK, MAT_BF, SEL_KNN, 1749, 138, 8832, 101, 0.952887, 51.7228, 0.719875
9, FAST, FREAK, MAT_BF, SEL_KNN, 1770, 143, 9152, 105, 0.927276, 50.1704, 0.645977
0, FAST, SIFT, MAT_BF, SEL_KNN, 1824, 149, 19072, 0, 0.893576, 27.0543, 0
1, FAST, SIFT, MAT_BF, SEL_KNN, 1832, 152, 19456, 118, 0.888285, 32.7624, 0.985136
2, FAST, SIFT, MAT_BF, SEL_KNN, 1810, 150, 19200, 123, 0.930692, 34.9357, 6.31726
3, FAST, SIFT, MAT_BF, SEL_KNN, 1817, 155, 19840, 110, 1.00656, 28.7945, 0.985542
4, FAST, SIFT, MAT_BF, SEL_KNN, 1793, 149, 19072, 119, 0.83313, 36.081, 0.987596
5, FAST, SIFT, MAT_BF, SEL_KNN, 1796, 149, 19072, 114, 0.9161, 32.7612, 0.924118
6, FAST, SIFT, MAT_BF, SEL_KNN, 1788, 156, 19968, 119, 0.905649, 39.8573, 1.1253
7, FAST, SIFT, MAT_BF, SEL_KNN, 1695, 150, 19200, 123, 0.902069, 31.6779, 1.00108
8, FAST, SIFT, MAT_BF, SEL_KNN, 1749, 138, 17664, 117, 0.936172, 30.5695, 0.859298
9, FAST, SIFT, MAT_BF, SEL_KNN, 1770, 143, 18304, 103, 1.2398, 35.0545, 0.859408
0, BRISK, BRISK, MAT_BF, SEL_KNN, 2757, 264, 16896, 0, 48.2573, 3.36311, 0
1, BRISK, BRISK, MAT_BF, SEL_KNN, 2777, 282, 18048, 171, 49.519, 3.54841, 2.18525
2, BRISK, BRISK, MAT_BF, SEL_KNN, 2741, 282, 18048, 176, 48.0738, 3.51962, 2.30953
3, BRISK, BRISK, MAT_BF, SEL_KNN, 2735, 277, 17728, 157, 47.8763, 3.61702, 2.23548
4, BRISK, BRISK, MAT_BF, SEL_KNN, 2757, 297, 19008, 176, 48.0206, 3.65824, 2.36897
5, BRISK, BRISK, MAT_BF, SEL_KNN, 2695, 279, 17856, 174, 47.4319, 3.71637, 2.38406
6, BRISK, BRISK, MAT_BF, SEL_KNN, 2715, 289, 18496, 188, 48.6344, 3.59517, 2.30373
7, BRISK, BRISK, MAT_BF, SEL_KNN, 2628, 272, 17408, 173, 47.0521, 3.40025, 2.27358
8, BRISK, BRISK, MAT_BF, SEL_KNN, 2639, 266, 17024, 171, 49.1856, 3.66821, 2.11511
9, BRISK, BRISK, MAT_BF, SEL_KNN, 2672, 254, 16256, 184, 48.2837, 3.28432, 2.05112
0, BRISK, BRIEF, MAT_BF, SEL_KNN, 2757, 264, 8448, 0, 49.3116, 1.18165, 0
1, BRISK, BRIEF, MAT_BF, SEL_KNN, 2777, 282, 9024, 178, 49.8649, 1.22394, 2.0379
2, BRISK, BRIEF, MAT_BF, SEL_KNN, 2741, 282, 9024, 205, 48.2141, 1.12499, 2.18626
3, BRISK, BRIEF, MAT_BF, SEL_KNN, 2735, 277, 8864, 185, 48.2458, 1.16653, 2.16952
4, BRISK, BRIEF, MAT_BF, SEL_KNN, 2757, 297, 9504, 179, 47.8493, 1.273, 2.39939
5, BRISK, BRIEF, MAT_BF, SEL_KNN, 2695, 279, 8928, 183, 47.9996, 1.15776, 2.29282
6, BRISK, BRIEF, MAT_BF, SEL_KNN, 2715, 289, 9248, 195, 48.8362, 1.20116, 2.23946
7, BRISK, BRIEF, MAT_BF, SEL_KNN, 2628, 272, 8704, 207, 46.9217, 1.13717, 2.14184
8, BRISK, BRIEF, MAT_BF, SEL_KNN, 2639, 266, 8512, 189, 46.6741, 1.1463, 1.99295
9, BRISK, BRIEF, MAT_BF, SEL_KNN, 2672, 254, 8128, 183, 47.9402, 1.08552, 1.86636
0, BRISK, ORB, MAT_BF, SEL_KNN, 2757, 264, 8448, 0, 49.3971, 4.89063, 0
1, BRISK, ORB, MAT_BF, SEL_KNN, 2777, 282, 9024, 162, 49.0493, 4.79727, 2.07142
2, BRISK, ORB, MAT_BF, SEL_KNN, 2741, 282, 9024, 175, 48.7671, 4.8163, 2.18731
3, BRISK, ORB, MAT_BF, SEL_KNN, 2735, 277, 8864, 158, 47.9579, 4.96554, 2.14093
4, BRISK, ORB, MAT_BF, SEL_KNN, 2757, 297, 9504, 167, 49.9487, 4.97617, 2.24858
5, BRISK, ORB, MAT_BF, SEL_KNN, 2695, 279, 8928, 160, 49.0368, 6.33379, 3.08951
6, BRISK, ORB, MAT_BF, SEL_KNN, 2715, 289, 9248, 182, 48.8169, 4.92374, 2.19279
7, BRISK, ORB, MAT_BF, SEL_KNN, 2628, 272, 8704, 167, 46.7686, 4.84778, 2.25168
8, BRISK, ORB, MAT_BF, SEL_KNN, 2639, 266, 8512, 171, 49.0481, 4.86929, 2.01326
9, BRISK, ORB, MAT_BF, SEL_KNN, 2672, 254, 8128, 172, 48.9157, 5.01264, 1.94748
0, BRISK, FREAK, MAT_BF, SEL_KNN, 2757, 264, 15488, 0, 48.5151, 50.9859, 0
1, BRISK, FREAK, MAT_BF, SEL_KNN, 2777, 282, 16640, 160, 48.2576, 51.7879, 1.9155
2, BRISK, FREAK, MAT_BF, SEL_KNN, 2741, 282, 16832, 177, 48.9641, 52.508, 1.97204
3, BRISK, FREAK, MAT_BF, SEL_KNN, 2735, 277, 16896, 155, 48.8804, 51.6505, 2.00612
4, BRISK, FREAK, MAT_BF, SEL_KNN, 2757, 297, 17536, 173, 49.3221, 52.6591, 2.13962
5, BRISK, FREAK, MAT_BF, SEL_KNN, 2695, 279, 16384, 161, 48.2294, 51.0909, 2.05851
6, BRISK, FREAK, MAT_BF, SEL_KNN, 2715, 289, 17216, 183, 48.229, 52.8993, 2.01485
7, BRISK, FREAK, MAT_BF, SEL_KNN, 2628, 272, 16320, 169, 46.6793, 51.6332, 1.99729
8, BRISK, FREAK, MAT_BF, SEL_KNN, 2639, 266, 15552, 178, 47.5157, 51.9491, 1.88762
9, BRISK, FREAK, MAT_BF, SEL_KNN, 2672, 254, 15168, 168, 47.4095, 51.5754, 1.80582
0, BRISK, SIFT, MAT_BF, SEL_KNN, 2757, 264, 33792, 0, 51.5665, 69.1649, 0
1, BRISK, SIFT, MAT_BF, SEL_KNN, 2777, 282, 36096, 182, 49.0576, 69.8587, 2.93167
2, BRISK, SIFT, MAT_BF, SEL_KNN, 2741, 282, 36096, 193, 51.0901, 70.7259, 3.00136
3, BRISK, SIFT, MAT_BF, SEL_KNN, 2735, 277, 35456, 169, 48.3186, 69.9364, 3.68413
4, BRISK, SIFT, MAT_BF, SEL_KNN, 2757, 297, 38016, 183, 48.5612, 72.3922, 2.90418
5, BRISK, SIFT, MAT_BF, SEL_KNN, 2695, 279, 35712, 171, 48.6778, 67.1077, 3.04417
6, BRISK, SIFT, MAT_BF, SEL_KNN, 2715, 289, 36992, 195, 47.5661, 68.729, 2.83059
7, BRISK, SIFT, MAT_BF, SEL_KNN, 2628, 272, 34816, 194, 47.5857, 67.8992, 2.80714
8, BRISK, SIFT, MAT_BF, SEL_KNN, 2639, 266, 34048, 176, 47.5545, 67.774, 2.57155
9, BRISK, SIFT, MAT_BF, SEL_KNN, 2672, 254, 32512, 183, 47.2051, 63.4499, 2.53871
0, ORB, BRISK, MAT_BF, SEL_KNN, 500, 92, 5312, 0, 11.3477, 1.41804, 0
1, ORB, BRISK, MAT_BF, SEL_KNN, 500, 102, 5952, 73, 9.5859, 1.46237, 0.329029
2, ORB, BRISK, MAT_BF, SEL_KNN, 500, 106, 6080, 74, 8.5882, 1.47487, 0.34874
3, ORB, BRISK, MAT_BF, SEL_KNN, 500, 113, 6592, 79, 8.53416, 1.88251, 0.401716
4, ORB, BRISK, MAT_BF, SEL_KNN, 500, 109, 6464, 85, 8.69879, 1.76215, 0.435333
5, ORB, BRISK, MAT_BF, SEL_KNN, 500, 125, 7424, 79, 9.82568, 2.12139, 0.457665
6, ORB, BRISK, MAT_BF, SEL_KNN, 500, 130, 7680, 92, 8.51842, 1.80342, 0.560028
7, ORB, BRISK, MAT_BF, SEL_KNN, 500, 129, 7680, 90, 8.58064, 1.8293, 0.526705
8, ORB, BRISK, MAT_BF, SEL_KNN, 500, 127, 7616, 88, 8.91754, 1.77056, 0.521785
9, ORB, BRISK, MAT_BF, SEL_KNN, 500, 128, 7680, 91, 8.65068, 1.92958, 0.614427
0, ORB, BRIEF, MAT_BF, SEL_KNN, 500, 92, 2944, 0, 7.91634, 0.678766, 0
1, ORB, BRIEF, MAT_BF, SEL_KNN, 500, 102, 3264, 49, 9.2568, 0.576127, 0.333395
2, ORB, BRIEF, MAT_BF, SEL_KNN, 500, 106, 3392, 43, 10.499, 1.10986, 0.383835
3, ORB, BRIEF, MAT_BF, SEL_KNN, 500, 113, 3616, 45, 7.58026, 0.639159, 0.39619
4, ORB, BRIEF, MAT_BF, SEL_KNN, 500, 109, 3488, 59, 11.0267, 0.742002, 0.443349
5, ORB, BRIEF, MAT_BF, SEL_KNN, 500, 125, 4000, 53, 7.60448, 0.669271, 0.440718
6, ORB, BRIEF, MAT_BF, SEL_KNN, 500, 130, 4160, 78, 9.69082, 0.700181, 0.557611
7, ORB, BRIEF, MAT_BF, SEL_KNN, 500, 129, 4128, 68, 8.5755, 1.1522, 0.53289
8, ORB, BRIEF, MAT_BF, SEL_KNN, 500, 127, 4064, 84, 7.61087, 0.666375, 0.519846
9, ORB, BRIEF, MAT_BF, SEL_KNN, 500, 128, 4096, 66, 10.1268, 0.685367, 0.548748
0, ORB, ORB, MAT_BF, SEL_KNN, 500, 92, 2944, 0, 7.60369, 5.06622, 0
1, ORB, ORB, MAT_BF, SEL_KNN, 500, 102, 3264, 67, 7.82517, 4.90385, 0.384346
2, ORB, ORB, MAT_BF, SEL_KNN, 500, 106, 3392, 70, 12.4263, 5.42114, 0.440831
3, ORB, ORB, MAT_BF, SEL_KNN, 500, 113, 3616, 72, 8.43678, 5.47903, 0.461087
4, ORB, ORB, MAT_BF, SEL_KNN, 500, 109, 3488, 84, 7.84528, 5.38838, 0.482937
5, ORB, ORB, MAT_BF, SEL_KNN, 500, 125, 4000, 91, 7.78771, 4.98083, 0.511981
6, ORB, ORB, MAT_BF, SEL_KNN, 500, 130, 4160, 101, 10.5081, 5.12909, 1.08843
7, ORB, ORB, MAT_BF, SEL_KNN, 500, 129, 4128, 92, 9.08656, 6.98526, 0.592781
8, ORB, ORB, MAT_BF, SEL_KNN, 500, 127, 4064, 93, 7.85272, 6.64779, 0.844863
9, ORB, ORB, MAT_BF, SEL_KNN, 500, 128, 4096, 93, 7.92108, 4.84178, 0.580039
0, ORB, FREAK, MAT_BF, SEL_KNN, 500, 92, 2944, 0, 8.95824, 49.2709, 0
1, ORB, FREAK, MAT_BF, SEL_KNN, 500, 102, 3392, 42, 8.27402, 48.4493, 0.1826
2, ORB, FREAK, MAT_BF, SEL_KNN, 500, 106, 3584, 36, 10.7922, 48.8719, 0.249064
3, ORB, FREAK, MAT_BF, SEL_KNN, 500, 113, 4160, 44, 10.9354, 51.2131, 0.23042
4, ORB, FREAK, MAT_BF, SEL_KNN, 500, 109, 3520, 47, 8.57811, 48.9727, 0.237629
5, ORB, FREAK, MAT_BF, SEL_KNN, 500, 125, 4096, 44, 8.51352, 49.2001, 0.210863
6, ORB, FREAK, MAT_BF, SEL_KNN, 500, 130, 4224, 51, 8.57515, 49.8036, 0.234565
7, ORB, FREAK, MAT_BF, SEL_KNN, 500, 129, 4544, 52, 8.60554, 50.5082, 0.270715
8, ORB, FREAK, MAT_BF, SEL_KNN, 500, 127, 4672, 48, 8.86172, 51.5566, 0.311357
9, ORB, FREAK, MAT_BF, SEL_KNN, 500, 128, 4544, 56, 8.78161, 49.7227, 0.274887
0, ORB, SIFT, MAT_BF, SEL_KNN, 500, 92, 11776, 0, 8.68245, 67.1406, 0
1, ORB, SIFT, MAT_BF, SEL_KNN, 500, 102, 13056, 67, 9.30125, 69.8034, 0.448085
2, ORB, SIFT, MAT_BF, SEL_KNN, 500, 106, 13568, 79, 8.69953, 75.9393, 0.65657
3, ORB, SIFT, MAT_BF, SEL_KNN, 500, 113, 14464, 78, 9.93003, 76.9035, 0.671847
4, ORB, SIFT, MAT_BF, SEL_KNN, 500, 109, 13952, 79, 10.1204, 72.4348, 0.568404
5, ORB, SIFT, MAT_BF, SEL_KNN, 500, 125, 16000, 82, 10.621, 73.3085, 0.637622
6, ORB, SIFT, MAT_BF, SEL_KNN, 500, 130, 16640, 95, 9.95803, 79.7118, 0.69563
7, ORB, SIFT, MAT_BF, SEL_KNN, 500, 129, 16512, 95, 8.76069, 83.6224, 0.756142
8, ORB, SIFT, MAT_BF, SEL_KNN, 500, 127, 16256, 94, 10.2323, 94.5829, 0.728455
9, ORB, SIFT, MAT_BF, SEL_KNN, 500, 128, 16384, 94, 10.202, 84.4432, 0.736367
0, AKAZE, BRISK, MAT_BF, SEL_KNN, 1351, 166, 10624, 0, 119.519, 2.10482, 0
1, AKAZE, BRISK, MAT_BF, SEL_KNN, 1327, 157, 10048, 137, 109.691, 2.94308, 0.873701
2, AKAZE, BRISK, MAT_BF, SEL_KNN, 1311, 161, 10304, 125, 127.413, 3.01226, 0.824569
3, AKAZE, BRISK, MAT_BF, SEL_KNN, 1351, 155, 9920, 129, 116.322, 3.14519, 0.850556
4, AKAZE, BRISK, MAT_BF, SEL_KNN, 1360, 163, 10432, 129, 117.42, 3.02042, 0.824884
5, AKAZE, BRISK, MAT_BF, SEL_KNN, 1347, 164, 10496, 131, 115.521, 3.05296, 0.885508
6, AKAZE, BRISK, MAT_BF, SEL_KNN, 1363, 173, 11072, 132, 117.647, 3.13387, 0.902792
7, AKAZE, BRISK, MAT_BF, SEL_KNN, 1331, 175, 11200, 142, 119.821, 3.25187, 0.958628
8, AKAZE, BRISK, MAT_BF, SEL_KNN, 1357, 177, 11328, 146, 116.037, 2.23656, 0.986693
9, AKAZE, BRISK, MAT_BF, SEL_KNN, 1331, 179, 11456, 144, 120.351, 2.28423, 1.0183
0, AKAZE, BRIEF, MAT_BF, SEL_KNN, 1351, 166, 5312, 0, 117.633, 0.871461, 0
1, AKAZE, BRIEF, MAT_BF, SEL_KNN, 1327, 157, 5024, 141, 107.524, 1.88272, 0.787326
2, AKAZE, BRIEF, MAT_BF, SEL_KNN, 1311, 161, 5152, 134, 126.936, 1.95994, 0.7924
3, AKAZE, BRIEF, MAT_BF, SEL_KNN, 1351, 155, 4960, 131, 121.892, 1.81712, 0.771429
4, AKAZE, BRIEF, MAT_BF, SEL_KNN, 1360, 163, 5216, 130, 123.848, 0.910322, 0.784087
5, AKAZE, BRIEF, MAT_BF, SEL_KNN, 1347, 164, 5248, 134, 118.656, 1.82992, 0.828615
6, AKAZE, BRIEF, MAT_BF, SEL_KNN, 1363, 173, 5536, 146, 126.01, 1.85876, 0.846568
7, AKAZE, BRIEF, MAT_BF, SEL_KNN, 1331, 175, 5600, 150, 125.833, 1.97322, 0.907987
8, AKAZE, BRIEF, MAT_BF, SEL_KNN, 1357, 177, 5664, 148, 130.045, 2.04804, 0.931011
9, AKAZE, BRIEF, MAT_BF, SEL_KNN, 1331, 179, 5728, 152, 124.486, 1.96419, 0.976707
0, AKAZE, ORB, MAT_BF, SEL_KNN, 1351, 166, 5312, 0, 121.96, 3.57504, 0
1, AKAZE, ORB, MAT_BF, SEL_KNN, 1327, 157, 5024, 131, 118.746, 4.27811, 0.80779
2, AKAZE, ORB, MAT_BF, SEL_KNN, 1311, 161, 5152, 129, 117.852, 4.90008, 0.803201
3, AKAZE, ORB, MAT_BF, SEL_KNN, 1351, 155, 4960, 127, 121.074, 4.14392, 0.80709
4, AKAZE, ORB, MAT_BF, SEL_KNN, 1360, 163, 5216, 117, 118.591, 3.22403, 0.813586
5, AKAZE, ORB, MAT_BF, SEL_KNN, 1347, 164, 5248, 130, 116.522, 4.01669, 0.910819
6, AKAZE, ORB, MAT_BF, SEL_KNN, 1363, 173, 5536, 131, 120.682, 3.19254, 0.881744
7, AKAZE, ORB, MAT_BF, SEL_KNN, 1331, 175, 5600, 137, 119.141, 3.19303, 0.937378
8, AKAZE, ORB, MAT_BF, SEL_KNN, 1357, 177, 5664, 135, 117.704, 3.32692, 0.963285
9, AKAZE, ORB, MAT_BF, SEL_KNN, 1331, 179, 5728, 145, 120.414, 3.1846, 1.04779
0, AKAZE, FREAK, MAT_BF, SEL_KNN, 1351, 166, 10624, 0, 121.17, 51.7233, 0
1, AKAZE, FREAK, MAT_BF, SEL_KNN, 1327, 157, 10048, 126, 116.993, 50.6302, 0.867413
2, AKAZE, FREAK, MAT_BF, SEL_KNN, 1311, 161, 10304, 129, 121.193, 50.5814, 0.88039
3, AKAZE, FREAK, MAT_BF, SEL_KNN, 1351, 155, 9920, 127, 120.497, 51.1326, 0.80213
4, AKAZE, FREAK, MAT_BF, SEL_KNN, 1360, 163, 10432, 121, 120.161, 56.2382, 0.827115
5, AKAZE, FREAK, MAT_BF, SEL_KNN, 1347, 164, 10496, 122, 113.287, 50.424, 0.88564
6, AKAZE, FREAK, MAT_BF, SEL_KNN, 1363, 173, 11072, 133, 127.237, 57.5444, 0.889059
7, AKAZE, FREAK, MAT_BF, SEL_KNN, 1331, 175, 11200, 144, 121.048, 52.1177, 0.968566
8, AKAZE, FREAK, MAT_BF, SEL_KNN, 1357, 177, 11328, 147, 130.702, 53.6983, 0.999449
9, AKAZE, FREAK, MAT_BF, SEL_KNN, 1331, 179, 11456, 138, 127.758, 52.3632, 0.996093
0, AKAZE, AKAZE, MAT_BF, SEL_KNN, 1351, 166, 10126, 0, 129.856, 104.982, 0
1, AKAZE, AKAZE, MAT_BF, SEL_KNN, 1327, 157, 9577, 138, 111.789, 97.5356, 1.01882
2, AKAZE, AKAZE, MAT_BF, SEL_KNN, 1311, 161, 9821, 138, 118.271, 104.12, 1.33389
3, AKAZE, AKAZE, MAT_BF, SEL_KNN, 1351, 155, 9455, 133, 127.742, 109.027, 1.05286
4, AKAZE, AKAZE, MAT_BF, SEL_KNN, 1360, 163, 9943, 127, 127.942, 111.725, 0.931668
5, AKAZE, AKAZE, MAT_BF, SEL_KNN, 1347, 164, 10004, 129, 130.242, 108.771, 0.974927
6, AKAZE, AKAZE, MAT_BF, SEL_KNN, 1363, 173, 10553, 146, 126.618, 111.692, 1.05258
7, AKAZE, AKAZE, MAT_BF, SEL_KNN, 1331, 175, 10675, 147, 124.769, 107.329, 1.54785
8, AKAZE, AKAZE, MAT_BF, SEL_KNN, 1357, 177, 10797, 151, 129.479, 117.734, 1.1855
9, AKAZE, AKAZE, MAT_BF, SEL_KNN, 1331, 179, 10919, 150, 122.355, 114.159, 1.17721
0, AKAZE, SIFT, MAT_BF, SEL_KNN, 1351, 166, 21248, 0, 134.912, 38.5906, 0
1, AKAZE, SIFT, MAT_BF, SEL_KNN, 1327, 157, 20096, 134, 114.151, 36.9298, 1.07886
2, AKAZE, SIFT, MAT_BF, SEL_KNN, 1311, 161, 20608, 134, 118.141, 37.2813, 1.20816
3, AKAZE, SIFT, MAT_BF, SEL_KNN, 1351, 155, 19840, 130, 108.543, 35.2366, 1.01757
4, AKAZE, SIFT, MAT_BF, SEL_KNN, 1360, 163, 20864, 136, 112.945, 37.3345, 1.13218
5, AKAZE, SIFT, MAT_BF, SEL_KNN, 1347, 164, 20992, 137, 122.476, 35.9558, 1.45713
6, AKAZE, SIFT, MAT_BF, SEL_KNN, 1363, 173, 22144, 147, 129.494, 52.6625, 1.16705
7, AKAZE, SIFT, MAT_BF, SEL_KNN, 1331, 175, 22400, 147, 119.759, 50.8712, 1.24292
8, AKAZE, SIFT, MAT_BF, SEL_KNN, 1357, 177, 22656, 154, 131.136, 49.6091, 1.39332
9, AKAZE, SIFT, MAT_BF, SEL_KNN, 1331, 179, 22912, 151, 128.635, 42.1264, 1.36697
0, SIFT, BRISK, MAT_BF, SEL_KNN, 1438, 138, 8768, 0, 176.999, 1.80047, 0
1, SIFT, BRISK, MAT_BF, SEL_KNN, 1371, 132, 8448, 64, 180.655, 1.85128, 0.618218
2, SIFT, BRISK, MAT_BF, SEL_KNN, 1380, 124, 7936, 66, 171.799, 1.68677, 0.650324
3, SIFT, BRISK, MAT_BF, SEL_KNN, 1335, 137, 8768, 62, 174.915, 1.85892, 0.685486
4, SIFT, BRISK, MAT_BF, SEL_KNN, 1305, 134, 8576, 66, 173.001, 2.04263, 0.703109
5, SIFT, BRISK, MAT_BF, SEL_KNN, 1370, 140, 8960, 59, 175.737, 1.88301, 0.796548
6, SIFT, BRISK, MAT_BF, SEL_KNN, 1396, 137, 8768, 64, 175.533, 1.79905, 0.662969
7, SIFT, BRISK, MAT_BF, SEL_KNN, 1382, 148, 9472, 64, 173.063, 1.89155, 0.705919
8, SIFT, BRISK, MAT_BF, SEL_KNN, 1463, 159, 10176, 67, 176.662, 2.03799, 0.780356
9, SIFT, BRISK, MAT_BF, SEL_KNN, 1422, 137, 8768, 80, 170.705, 1.79358, 0.752666
0, SIFT, BRIEF, MAT_BF, SEL_KNN, 1438, 138, 4416, 0, 167.185, 0.804722, 0
1, SIFT, BRIEF, MAT_BF, SEL_KNN, 1371, 132, 4224, 86, 169.001, 0.796765, 0.576767
2, SIFT, BRIEF, MAT_BF, SEL_KNN, 1380, 124, 3968, 78, 167.573, 0.753178, 0.534486
3, SIFT, BRIEF, MAT_BF, SEL_KNN, 1335, 137, 4384, 76, 171.073, 0.794769, 0.536709
4, SIFT, BRIEF, MAT_BF, SEL_KNN, 1305, 134, 4288, 85, 165.438, 0.847262, 0.576808
5, SIFT, BRIEF, MAT_BF, SEL_KNN, 1370, 140, 4480, 69, 176.59, 0.797191, 0.609198
6, SIFT, BRIEF, MAT_BF, SEL_KNN, 1396, 137, 4384, 74, 165.876, 0.792554, 0.62885
7, SIFT, BRIEF, MAT_BF, SEL_KNN, 1382, 148, 4736, 76, 175.159, 0.898515, 0.632094
8, SIFT, BRIEF, MAT_BF, SEL_KNN, 1463, 159, 5088, 70, 170.938, 0.882193, 0.72566
9, SIFT, BRIEF, MAT_BF, SEL_KNN, 1422, 137, 4384, 88, 169.951, 0.794422, 0.664142
0, SIFT, FREAK, MAT_BF, SEL_KNN, 1438, 138, 8768, 0, 170.374, 51.1584, 0
1, SIFT, FREAK, MAT_BF, SEL_KNN, 1371, 132, 8384, 65, 176.494, 52.452, 0.597538
2, SIFT, FREAK, MAT_BF, SEL_KNN, 1380, 124, 7872, 72, 167.462, 52.7025, 0.56594
3, SIFT, FREAK, MAT_BF, SEL_KNN, 1335, 137, 8704, 64, 170.144, 53.6126, 0.59786
4, SIFT, FREAK, MAT_BF, SEL_KNN, 1305, 134, 8512, 66, 165.954, 52.3675, 0.61165
5, SIFT, FREAK, MAT_BF, SEL_KNN, 1370, 140, 8896, 59, 163.337, 50.1211, 1.07537
6, SIFT, FREAK, MAT_BF, SEL_KNN, 1396, 137, 8640, 59, 169.783, 52.1983, 0.639582
7, SIFT, FREAK, MAT_BF, SEL_KNN, 1382, 148, 9408, 64, 167.552, 52.3205, 0.646038
8, SIFT, FREAK, MAT_BF, SEL_KNN, 1463, 159, 10112, 65, 169.353, 52.4763, 0.92611
9, SIFT, FREAK, MAT_BF, SEL_KNN, 1422, 137, 8640, 79, 171.248, 53.0624, 0.682985
0, SIFT, SIFT, MAT_BF, SEL_KNN, 1438, 138, 17664, 0, 168.527, 89.0518, 0
1, SIFT, SIFT, MAT_BF, SEL_KNN, 1371, 132, 16896, 82, 128.344, 89.9866, 0.802177
2, SIFT, SIFT, MAT_BF, SEL_KNN, 1380, 124, 15872, 81, 172.281, 131.15, 0.737308
3, SIFT, SIFT, MAT_BF, SEL_KNN, 1335, 137, 17536, 85, 172.711, 133.261, 0.780397
4, SIFT, SIFT, MAT_BF, SEL_KNN, 1305, 134, 17152, 93, 172.214, 128.987, 0.8072
5, SIFT, SIFT, MAT_BF, SEL_KNN, 1370, 140, 17920, 90, 164.808, 86.0943, 0.821064
6, SIFT, SIFT, MAT_BF, SEL_KNN, 1396, 137, 17536, 81, 126.985, 81.103, 0.864721
7, SIFT, SIFT, MAT_BF, SEL_KNN, 1382, 148, 18944, 82, 135.002, 85.3325, 0.89447
8, SIFT, SIFT, MAT_BF, SEL_KNN, 1463, 159, 20352, 102, 124.746, 86.8719, 1.00685
9, SIFT, SIFT, MAT_BF, SEL_KNN, 1422, 137, 17536, 104, 170.513, 87.7604, 0.947072
